video_time,num_sessions,num_quizzes,reading_time,previous_knowledge,browser_speed,device,topics,education,dropout
45.79330342365136,99.0,36.0,48.18656185081439,1.6759724228590636,-0.29470427607357963,1.0,"['Locke', 'Descartes', 'Socrates', 'Kant', 'Nietzche', 'Confucius', 'Aristotle', 'Plato']",2.0,0
51.33124206959066,57.0,12.0,49.94581013041595,0.700522090450417,1.2536935876692665,1.0,"['Nietzche', 'Locke', 'Confucius', 'Aristotle', 'Socrates', 'Descartes', 'Plato']",3.0,0
87.41483430952695,52.0,7.0,20.611978120983757,1.8367161732674915,-1.171351928566001,1.0,"['Plato', 'Locke', 'Nietzche', 'Socrates', 'Descartes', 'Confucius', 'Aristotle']",4.0,0
58.5563878834894,47.0,31.0,33.785805075630115,0.20957705923398406,-2.0430467877492964,1.0,"['Aristotle', 'Socrates', 'Plato', 'Confucius', 'Kant', 'Nietzche']",3.0,0
74.82236216797277,58.0,37.0,38.90798328022752,0.26567839597974696,-0.7545590153423916,1.0,"['Kant', 'Aristotle', 'Confucius', 'Locke', 'Plato', 'Nietzche', 'Socrates']",4.0,0
54.89200778883162,88.0,17.0,64.12953392076595,0.838491208214164,1.55267659796967,1.0,"['Locke', 'Nietzche', 'Socrates', 'Aristotle', 'Plato', 'Descartes', 'Confucius', 'Kant']",3.0,0
8.654498265957857,104.0,55.0,74.6252395731445,1.2814846477279502,0.9338682518588513,1.0,"['Socrates', 'Plato', 'Kant', 'Locke', 'Descartes', 'Aristotle', 'Nietzche', 'Confucius']",1.0,0
112.83315303751841,38.0,0.0,35.28662150213263,0.17072559546326715,0.7491308205653969,0.0,"['Confucius', 'Kant', 'Descartes', 'Aristotle', 'Plato', 'Locke', 'Socrates', 'Nietzche']",0.0,0
68.03650897538589,74.0,43.0,39.055706585035296,-0.680271207457755,4.540475522473436,1.0,"['Socrates', 'Aristotle', 'Descartes', 'Plato', 'Confucius', 'Kant', 'Locke']",3.0,0
35.51633543148458,64.0,63.0,37.32660313215072,1.2233058948054099,-0.9151942995932039,0.0,"['Socrates', 'Aristotle', 'Nietzche', 'Confucius', 'Descartes', 'Plato', 'Kant', 'Locke']",0.0,0
15.486510182007564,86.0,55.0,54.792922813389076,1.7668122665105115,3.19289997650875,1.0,"['Kant', 'Plato', 'Confucius', 'Aristotle', 'Locke', 'Socrates']",1.0,1
77.0081553621433,39.0,47.0,51.16956334791179,0.9208390686543941,4.903928125835563,1.0,"['Socrates', 'Confucius', 'Nietzche', 'Locke', 'Plato', 'Kant', 'Descartes', 'Aristotle']",2.0,0
25.388552943617494,64.0,27.0,68.65616775368235,1.667777765622186,0.28238747802199515,1.0,"['Plato', 'Kant', 'Descartes', 'Confucius', 'Locke', 'Socrates', 'Nietzche']",4.0,0
46.49744761383256,61.0,30.0,45.380798326335814,0.9283370492160868,-1.1641836961114014,1.0,"['Socrates', 'Descartes', 'Kant', 'Aristotle', 'Plato', 'Nietzche', 'Confucius']",2.0,0
15.881944521406917,105.0,49.0,81.11815771299545,0.8696125457268746,1.7192312638290117,1.0,"['Descartes', 'Socrates', 'Nietzche', 'Confucius', 'Locke', 'Kant', 'Aristotle']",3.0,1
80.82196212016984,65.0,23.0,49.32638670403297,2.617505724262215,3.129262941502036,1.0,"['Confucius', 'Nietzche', 'Descartes', 'Locke', 'Aristotle', 'Plato', 'Kant']",2.0,0
14.051227511969548,53.0,33.0,78.01252926700396,0.9521688431039492,-1.8169497453477736,1.0,"['Plato', 'Aristotle', 'Confucius', 'Kant', 'Locke', 'Nietzche', 'Socrates', 'Descartes']",2.0,1
29.599710749853877,65.0,57.0,66.22307941437089,1.3793636857396314,1.5235952948305405,1.0,"['Descartes', 'Socrates', 'Locke', 'Aristotle', 'Nietzche', 'Confucius', 'Plato', 'Kant']",3.0,1
22.70891979177098,82.0,58.0,46.432751731430365,1.7322469709128732,-0.6539308431505619,1.0,"['Socrates', 'Confucius', 'Plato', 'Kant', 'Aristotle', 'Locke']",2.0,0
88.32205484379983,40.0,19.0,49.40358841190371,0.0863893355750549,7.429511943814546,1.0,"['Aristotle', 'Descartes', 'Locke', 'Kant', 'Confucius', 'Nietzche']",4.0,0
16.646298524638862,61.0,34.0,78.88967285625675,2.8546594488005437,0.7410749984615803,1.0,"['Descartes', 'Confucius', 'Locke', 'Kant', 'Plato', 'Aristotle']",3.0,1
42.42908531779959,55.0,21.0,61.712967296292895,-0.08142282123733957,-0.5718223066479216,1.0,"['Confucius', 'Locke', 'Descartes', 'Plato', 'Kant', 'Aristotle', 'Socrates']",3.0,0
22.64142024401115,57.0,42.0,45.703222539689314,2.7106911348295526,1.1822079480890562,1.0,"['Socrates', 'Kant', 'Plato', 'Confucius', 'Locke']",1.0,0
92.57505735079691,70.0,35.0,28.693650499367475,0.8409878945105868,0.6150220049399504,1.0,"['Confucius', 'Nietzche', 'Locke', 'Socrates', 'Kant', 'Plato']",3.0,0
93.2751080282349,50.0,23.0,29.69906814031794,1.5557353668095857,1.9677370800530312,1.0,"['Aristotle', 'Locke', 'Descartes', 'Socrates', 'Plato', 'Kant', 'Confucius']",4.0,0
41.70788106564146,61.0,37.0,54.983692366615855,0.30033355294263137,-0.12404028167043779,1.0,"['Nietzche', 'Plato', 'Kant', 'Descartes', 'Confucius', 'Aristotle', 'Socrates']",2.0,0
28.09054140260703,88.0,52.0,69.59343680212417,1.8170916702871796,4.2044656933933355,1.0,"['Aristotle', 'Plato', 'Descartes', 'Socrates', 'Confucius', 'Kant']",1.0,0
47.24738484518565,56.0,39.0,55.66542769291751,1.1945230896416459,1.3419898309605724,1.0,"['Aristotle', 'Descartes', 'Plato', 'Locke', 'Nietzche', 'Socrates', 'Kant']",4.0,1
61.74334771738124,56.0,22.0,38.04213652745408,-0.4953093612035955,3.562836056805123,1.0,"['Socrates', 'Confucius', 'Nietzche', 'Descartes', 'Plato', 'Kant']",3.0,0
85.81892981166484,60.0,40.0,37.178467571942036,0.9557655410419006,-1.5015140218845673,1.0,"['Aristotle', 'Kant', 'Socrates', 'Nietzche', 'Plato', 'Descartes']",4.0,0
17.802336764953875,41.0,47.0,63.852334008418524,2.232393746118962,4.52235954548197,0.0,"['Socrates', 'Descartes', 'Confucius', 'Nietzche', 'Kant', 'Aristotle']",0.0,1
24.19044217844401,93.0,62.0,76.42266515812861,-0.5973480885430773,1.614072502345107,1.0,"['Nietzche', 'Aristotle', 'Kant', 'Socrates', 'Plato', 'Locke', 'Descartes', 'Confucius']",3.0,1
17.84323669933132,75.0,34.0,69.06252884814793,0.58057306066156,2.50293866099279,1.0,"['Socrates', 'Locke', 'Aristotle', 'Confucius', 'Nietzche']",3.0,1
45.0604828442964,82.0,20.0,37.947808036306306,2.0508376199347635,-0.8197276180817794,1.0,"['Socrates', 'Aristotle', 'Kant', 'Descartes', 'Nietzche', 'Confucius', 'Plato']",3.0,0
9.037605787457359,78.0,51.0,69.71266840939037,-0.25132857617469595,1.8953638920070617,1.0,"['Kant', 'Confucius', 'Nietzche', 'Aristotle', 'Locke', 'Socrates', 'Descartes', 'Plato']",4.0,1
15.697639354662115,29.0,38.0,58.452240901507636,2.399418659224471,2.611285734090881,1.0,"['Locke', 'Plato', 'Descartes', 'Confucius', 'Aristotle', 'Socrates']",1.0,1
87.79491037066731,42.0,10.0,28.226398383938392,-0.33891584977752925,1.3681156671747885,1.0,"['Plato', 'Descartes', 'Confucius', 'Socrates', 'Nietzche', 'Aristotle']",3.0,0
58.82382384002164,92.0,22.0,45.4722549106047,2.0784105132942647,-0.36578098299695183,1.0,"['Nietzche', 'Kant', 'Plato', 'Confucius', 'Socrates', 'Descartes']",3.0,0
27.352645511360265,107.0,60.0,98.04799271487761,2.208237491090004,1.2440835426941264,1.0,"['Aristotle', 'Plato', 'Kant', 'Confucius', 'Locke', 'Nietzche', 'Socrates']",3.0,1
68.97556787768028,67.0,41.0,43.493220897533384,2.2358527655365257,4.65264823686558,1.0,"['Socrates', 'Nietzche', 'Aristotle', 'Confucius', 'Descartes', 'Locke', 'Kant']",1.0,0
44.79170590850728,83.0,21.0,67.39523568001489,3.487800579655193,-0.03783818533998373,1.0,"['Kant', 'Descartes', 'Locke', 'Plato', 'Confucius', 'Aristotle']",2.0,0
51.23274661387744,42.0,38.0,45.99080103385101,1.2856468642336496,-0.33640611254033614,1.0,"['Kant', 'Descartes', 'Socrates', 'Confucius', 'Aristotle', 'Locke', 'Plato']",2.0,0
10.026505989817757,31.0,35.0,84.13408817109097,1.0163795677741283,2.0053515181497072,0.0,"['Confucius', 'Locke', 'Socrates', 'Descartes', 'Aristotle', 'Kant', 'Plato']",0.0,1
30.699925827389603,83.0,38.0,60.576284779035745,-1.3801631175253146,2.123908608572787,1.0,"['Kant', 'Locke', 'Nietzche', 'Aristotle', 'Socrates', 'Confucius', 'Descartes']",2.0,0
70.65023629288063,49.0,42.0,41.20384085630607,0.6346165316025645,4.954922188726841,1.0,"['Nietzche', 'Socrates', 'Descartes', 'Locke', 'Plato', 'Confucius']",3.0,0
88.43979350603288,84.0,29.0,36.51863922346082,1.8344775374225462,0.8138268500785037,1.0,"['Nietzche', 'Kant', 'Plato', 'Confucius', 'Aristotle', 'Socrates', 'Descartes']",3.0,0
57.873138017113064,67.0,15.0,72.42232470153306,1.627837676899681,0.8490828694996785,1.0,"['Descartes', 'Locke', 'Nietzche', 'Aristotle', 'Socrates', 'Plato']",4.0,0
43.1016104203585,45.0,46.0,36.43757378465493,0.5137189076575573,0.15915898479164392,1.0,"['Descartes', 'Nietzche', 'Aristotle', 'Kant', 'Plato', 'Confucius']",3.0,0
114.66512304325782,88.0,24.0,39.62161996942438,0.9014737495506328,-0.0044784205643417785,1.0,"['Aristotle', 'Nietzche', 'Confucius', 'Locke', 'Socrates', 'Kant', 'Plato', 'Descartes']",4.0,0
12.47243220489076,18.0,3.0,70.35418631666704,1.1833937375238657,0.8611268026236254,1.0,"['Socrates', 'Nietzche', 'Plato', 'Locke', 'Kant', 'Confucius', 'Descartes', 'Aristotle']",4.0,1
48.7205866882022,73.0,36.0,58.8646446002716,-0.02575232964555818,0.4468915147172434,1.0,"['Confucius', 'Socrates', 'Kant', 'Aristotle', 'Locke', 'Nietzche', 'Plato']",2.0,0
60.68587910211215,108.0,45.0,45.305841614918165,-0.4742571470785555,0.6307491695464187,1.0,"['Nietzche', 'Aristotle', 'Plato', 'Locke', 'Descartes', 'Kant', 'Confucius', 'Socrates']",4.0,0
8.549362089796881,14.0,44.0,61.90661159336213,3.813805079084658,2.9246103919979447,0.0,"['Confucius', 'Kant', 'Socrates', 'Aristotle', 'Locke', 'Nietzche', 'Plato', 'Descartes']",0.0,1
121.49198094580075,76.0,38.0,22.836795307518745,1.285806712798476,-0.14145008034074702,1.0,"['Descartes', 'Kant', 'Confucius', 'Plato', 'Socrates', 'Locke', 'Nietzche']",2.0,0
32.56464561754751,42.0,40.0,51.7683800395382,0.005707862107517947,5.4200948777028755,1.0,"['Socrates', 'Nietzche', 'Kant', 'Confucius', 'Descartes', 'Locke', 'Plato']",2.0,0
38.91494505108466,63.0,13.0,47.05659490770702,0.4929267210548479,0.1584988753276959,1.0,"['Nietzche', 'Confucius', 'Descartes', 'Plato', 'Aristotle', 'Kant', 'Socrates']",3.0,0
95.96847758667553,40.0,32.0,47.73671718747272,2.4672544969024064,3.0712850389407893,1.0,"['Kant', 'Descartes', 'Confucius', 'Locke', 'Socrates', 'Plato']",3.0,0
84.8378098691886,52.0,13.0,25.29346262836993,-0.12864232517925656,0.7815068628769696,1.0,"['Locke', 'Socrates', 'Aristotle', 'Confucius', 'Descartes', 'Kant', 'Plato']",4.0,0
10.849357088008116,38.0,25.0,61.528399022613286,-0.2115176472467262,1.8982480520038112,1.0,"['Socrates', 'Nietzche', 'Descartes', 'Aristotle', 'Confucius', 'Plato', 'Kant', 'Locke']",2.0,1
39.54972283152077,50.0,31.0,54.49608482758638,0.18080713769117618,1.089630751684329,1.0,"['Nietzche', 'Locke', 'Aristotle', 'Descartes', 'Plato']",2.0,1
27.92957984444566,69.0,53.0,79.71065753709632,-0.32657305126128044,1.8720233543243017,1.0,"['Locke', 'Plato', 'Kant', 'Aristotle', 'Nietzche', 'Confucius']",1.0,1
44.538005524129474,70.0,27.0,53.91582309291834,1.6617996862656006,0.5343996111364111,1.0,"['Socrates', 'Aristotle', 'Locke', 'Descartes', 'Plato', 'Nietzche', 'Confucius']",2.0,0
2.4258946042703844,88.0,65.0,72.52264628120344,1.4659417506750638,2.8686440197105965,0.0,"['Nietzche', 'Confucius', 'Plato', 'Aristotle', 'Descartes', 'Kant', 'Socrates', 'Locke']",0.0,1
7.700766822700502,64.0,26.0,60.48280241870382,2.347833652319275,-0.9223012680372624,1.0,"['Confucius', 'Plato', 'Descartes', 'Aristotle', 'Kant', 'Locke', 'Nietzche', 'Socrates']",2.0,0
88.34506334591896,73.0,16.0,48.99401766233425,1.3750227806433402,2.353866443478041,1.0,"['Confucius', 'Socrates', 'Kant', 'Nietzche', 'Plato', 'Locke', 'Descartes', 'Aristotle']",2.0,0
24.683243892204892,35.0,44.0,52.83784841327977,2.462198996175039,3.493435573392193,1.0,"['Locke', 'Socrates', 'Plato', 'Nietzche', 'Aristotle', 'Confucius', 'Kant', 'Descartes']",1.0,1
28.081530372263195,69.0,48.0,41.53711250988218,1.1229468034036936,0.2430260964189892,0.0,"['Socrates', 'Plato', 'Nietzche', 'Confucius', 'Locke', 'Kant', 'Aristotle']",0.0,0
95.21930943760725,65.0,18.0,38.11966298778978,1.468381020171174,0.8701934984369593,1.0,"['Aristotle', 'Socrates', 'Kant', 'Nietzche', 'Locke', 'Confucius', 'Descartes']",3.0,0
68.0764946826334,27.0,18.0,45.294172030566095,1.174951894411402,3.776354119683692,1.0,"['Aristotle', 'Confucius', 'Kant', 'Nietzche', 'Plato', 'Locke']",2.0,0
48.276456720439604,44.0,27.0,53.19639886819759,1.045392007237985,1.008478792183697,1.0,"['Plato', 'Aristotle', 'Socrates', 'Nietzche', 'Kant', 'Confucius', 'Descartes', 'Locke']",2.0,0
20.56404094349461,70.0,46.0,57.5230781270264,1.0083271205953528,1.7441044560012,1.0,"['Socrates', 'Plato', 'Nietzche', 'Locke', 'Descartes', 'Kant', 'Aristotle']",2.0,0
105.75188277182386,58.0,41.0,31.30831350306086,-2.210503982696342,3.37037082756646,1.0,"['Confucius', 'Descartes', 'Socrates', 'Plato', 'Nietzche', 'Locke', 'Kant']",4.0,0
65.17476336138755,74.0,33.0,47.256512914098245,1.4206506135710497,0.4625349341113445,1.0,"['Descartes', 'Locke', 'Kant', 'Socrates', 'Confucius', 'Plato', 'Aristotle']",3.0,0
30.218974785554778,81.0,25.0,76.0748808095939,0.681231260907752,0.958739397458664,1.0,"['Socrates', 'Nietzche', 'Descartes', 'Locke', 'Aristotle', 'Kant', 'Confucius', 'Plato']",4.0,0
32.53541302365656,52.0,18.0,54.60171729987828,2.457592110077192,-1.6351088340427544,1.0,"['Socrates', 'Locke', 'Kant', 'Confucius', 'Nietzche', 'Descartes', 'Aristotle']",3.0,0
29.098575691402324,25.0,52.0,69.49220838439655,2.172614164688967,2.2933016501406494,1.0,"['Plato', 'Confucius', 'Kant', 'Nietzche', 'Aristotle', 'Descartes', 'Locke', 'Socrates']",4.0,1
67.99196861042573,52.0,56.0,22.43408824148839,2.622915505896622,-0.6425674917748667,1.0,"['Kant', 'Aristotle', 'Confucius', 'Descartes', 'Nietzche', 'Locke']",2.0,0
40.08233073727055,74.0,43.0,52.77425645692513,0.09053196656416342,2.400652935869692,1.0,"['Kant', 'Nietzche', 'Descartes', 'Plato', 'Socrates', 'Aristotle', 'Confucius']",1.0,0
69.69232121721903,44.0,24.0,32.355739108969765,2.56266624237455,2.4067020180329344,1.0,"['Socrates', 'Nietzche', 'Kant', 'Aristotle', 'Plato', 'Locke', 'Descartes']",3.0,0
66.31796367010985,86.0,51.0,73.19515373472339,0.7543987268567707,3.0066485067474065,1.0,"['Plato', 'Descartes', 'Aristotle', 'Nietzche', 'Kant', 'Locke', 'Confucius', 'Socrates']",4.0,1
34.096560140432,66.0,43.0,70.4061743059078,0.09124409391715971,0.7792164276449618,1.0,"['Aristotle', 'Kant', 'Nietzche', 'Socrates', 'Confucius', 'Locke', 'Plato', 'Descartes']",4.0,1
112.57593310971387,31.0,52.0,-0.007086212106216294,-0.47555673183645675,-3.892031916194888,1.0,"['Aristotle', 'Descartes', 'Kant', 'Confucius', 'Socrates', 'Locke', 'Plato']",3.0,0
106.27817814987918,37.0,20.0,34.918521805104795,-0.2262884236056788,1.0542637044824563,1.0,"['Locke', 'Plato', 'Kant', 'Aristotle', 'Descartes', 'Socrates', 'Confucius', 'Nietzche']",3.0,0
83.9053564884127,63.0,36.0,41.26786096405209,-1.0283809916248514,1.8797543332218922,1.0,"['Nietzche', 'Kant', 'Descartes', 'Socrates', 'Plato', 'Confucius', 'Aristotle', 'Locke']",4.0,0
99.78760971207775,46.0,28.0,41.874348910428644,-0.20385224894025378,2.789923119603623,1.0,"['Confucius', 'Kant', 'Socrates', 'Plato', 'Descartes', 'Nietzche', 'Aristotle']",3.0,0
56.34073353407614,104.0,31.0,40.67126915336637,2.1016767399733585,0.27429681431346364,1.0,"['Socrates', 'Confucius', 'Aristotle', 'Nietzche', 'Locke', 'Plato', 'Kant']",2.0,0
78.96785009657181,50.0,44.0,30.908498539077264,0.4673856832884071,-0.7156603356901223,1.0,"['Locke', 'Nietzche', 'Confucius', 'Descartes', 'Plato', 'Aristotle']",3.0,0
11.513781913006778,21.0,34.0,46.88934697216375,-0.8008797401590695,3.654691916005636,1.0,"['Plato', 'Descartes', 'Kant', 'Locke', 'Confucius', 'Socrates']",1.0,1
23.89406768162995,42.0,30.0,55.350140511441936,2.266041562156671,2.742882117781406,1.0,"['Aristotle', 'Descartes', 'Socrates', 'Plato', 'Confucius', 'Locke']",2.0,1
39.15304420212815,87.0,34.0,60.900695137843776,0.6389267355235047,1.339622394320944,1.0,"['Confucius', 'Aristotle', 'Socrates', 'Locke', 'Plato', 'Nietzche']",2.0,0
38.86208474694651,69.0,58.0,25.6693587240347,1.6839385434845666,1.1831512183944475,0.0,"['Descartes', 'Aristotle', 'Plato', 'Socrates', 'Nietzche', 'Kant', 'Confucius', 'Locke']",0.0,0
46.89457084621354,78.0,70.0,33.524951183716766,0.9386614495948137,1.307635470328904,1.0,"['Kant', 'Confucius', 'Plato', 'Locke', 'Nietzche']",1.0,0
41.26046856248223,73.0,34.0,59.56679922646651,2.209886417374265,1.6578737814800077,1.0,"['Socrates', 'Kant', 'Confucius', 'Nietzche', 'Aristotle', 'Descartes', 'Locke', 'Plato']",2.0,0
10.060821391866252,49.0,37.0,69.64310844872035,0.7955657565872047,1.5478818767732123,1.0,"['Nietzche', 'Descartes', 'Kant', 'Locke', 'Socrates', 'Confucius']",1.0,1
33.693615157801794,63.0,49.0,43.42832942731113,2.213916559605271,-0.10141338744364625,1.0,"['Descartes', 'Socrates', 'Confucius', 'Aristotle', 'Nietzche', 'Kant']",2.0,0
15.348453305679184,31.0,32.0,54.048305517333326,0.9182220153514014,-0.19171396594248336,1.0,"['Plato', 'Descartes', 'Socrates', 'Confucius', 'Nietzche', 'Locke', 'Aristotle']",2.0,1
71.02250238950612,75.0,53.0,48.896027128377526,2.8181473686916148,1.8171059765915163,1.0,"['Locke', 'Kant', 'Aristotle', 'Plato', 'Confucius', 'Nietzche', 'Descartes']",2.0,1
97.49257109140433,92.0,26.0,44.1690761985611,1.5996149956403178,0.794725274204686,1.0,"['Confucius', 'Plato', 'Socrates', 'Aristotle', 'Nietzche', 'Descartes']",4.0,0
14.069366296716508,62.0,19.0,74.98187084096597,-0.40748208815012593,1.6224409251190879,1.0,"['Aristotle', 'Nietzche', 'Descartes', 'Locke', 'Plato', 'Kant']",2.0,0
45.50686538560473,43.0,23.0,45.42905008636043,0.5565636812452779,-0.1495380119936054,1.0,"['Locke', 'Kant', 'Confucius', 'Descartes', 'Nietzche', 'Aristotle', 'Socrates', 'Plato']",4.0,0
128.31136432331743,41.0,1.0,35.1895457665286,1.3466364258016978,1.6363541584001793,1.0,"['Descartes', 'Plato', 'Aristotle', 'Locke', 'Kant', 'Confucius', 'Socrates', 'Nietzche']",3.0,0
51.19429177786265,64.0,48.0,54.71350047040659,1.6580347680271592,2.8453538995954104,1.0,"['Plato', 'Kant', 'Nietzche', 'Confucius', 'Aristotle']",2.0,0
59.43543601494399,74.0,40.0,45.23282915972625,0.6786554368477329,0.43651729689739605,1.0,"['Socrates', 'Locke', 'Descartes', 'Nietzche', 'Plato', 'Confucius', 'Kant']",1.0,0
64.48566920340596,80.0,36.0,47.513352704551664,-0.49178020905289144,0.24434514693363096,1.0,"['Locke', 'Confucius', 'Plato', 'Descartes', 'Socrates']",2.0,0
43.120974241828264,81.0,22.0,76.65862130563386,0.3840445041936833,-0.6769097562493335,1.0,"['Kant', 'Nietzche', 'Aristotle', 'Plato', 'Locke', 'Confucius', 'Socrates']",4.0,0
62.65679934932841,56.0,20.0,48.51711708930307,1.2258162004637105,3.1749946763425445,1.0,"['Descartes', 'Confucius', 'Nietzche', 'Socrates', 'Kant', 'Locke', 'Aristotle', 'Plato']",4.0,0
29.642537142364212,59.0,58.0,28.201583358917965,0.8911521457765301,-2.203149621609962,1.0,"['Kant', 'Locke', 'Socrates', 'Aristotle', 'Descartes', 'Nietzche', 'Plato', 'Confucius']",1.0,0
0.7507117329856494,90.0,57.0,67.41755032696497,2.5727701119729964,1.972187792288747,1.0,"['Kant', 'Socrates', 'Confucius', 'Locke', 'Descartes', 'Aristotle', 'Plato']",1.0,0
21.33135872011135,41.0,27.0,60.972411261859044,1.1531648215630315,1.6379123555367896,1.0,"['Confucius', 'Kant', 'Socrates', 'Locke', 'Nietzche', 'Aristotle', 'Plato']",2.0,1
97.30585603045182,76.0,11.0,30.726100937666985,0.26702970912447177,1.7418333781728093,1.0,"['Descartes', 'Kant', 'Confucius', 'Locke', 'Nietzche', 'Aristotle', 'Socrates']",4.0,0
88.41226298989622,33.0,32.0,44.53616031835803,1.9068715318745357,2.7637110169624552,1.0,"['Locke', 'Nietzche', 'Socrates', 'Aristotle', 'Confucius', 'Kant', 'Plato', 'Descartes']",3.0,1
39.315098967452094,67.0,33.0,63.79240468800626,-1.2127563493050555,1.1199506350022799,1.0,"['Confucius', 'Locke', 'Descartes', 'Socrates', 'Nietzche', 'Plato', 'Kant']",2.0,0
69.22316185239671,49.0,40.0,41.604990556920185,1.8717600574253648,2.6818859007931968,1.0,"['Confucius', 'Nietzche', 'Socrates', 'Locke', 'Kant', 'Aristotle', 'Descartes']",2.0,0
81.20849591728839,15.0,21.0,37.811800756455426,0.8938321409215852,3.009122474163553,1.0,"['Aristotle', 'Nietzche', 'Confucius', 'Locke', 'Kant', 'Plato', 'Socrates']",3.0,0
26.607620906400236,53.0,23.0,55.91328186686306,0.785436934772781,1.2908957818310585,1.0,"['Plato', 'Locke', 'Descartes', 'Kant', 'Nietzche', 'Aristotle', 'Socrates']",2.0,1
39.99526100321332,51.0,47.0,40.2814273701758,3.093416656946241,-0.41803795495941487,1.0,"['Socrates', 'Descartes', 'Kant', 'Locke', 'Nietzche', 'Aristotle', 'Confucius']",1.0,0
13.900510103700189,42.0,45.0,62.461512729757004,1.4892666838564181,2.3012013024342153,1.0,"['Nietzche', 'Kant', 'Descartes', 'Plato', 'Socrates', 'Locke']",4.0,1
48.61296969638868,76.0,32.0,70.65133512077962,-1.092331153637165,0.6671837339433255,1.0,"['Plato', 'Nietzche', 'Confucius', 'Socrates', 'Locke', 'Descartes', 'Aristotle', 'Kant']",3.0,1
59.11995932202208,78.0,31.0,43.828625729237835,0.0833566229792439,-0.705937848122071,1.0,"['Nietzche', 'Socrates', 'Plato', 'Descartes', 'Aristotle']",3.0,0
69.06370320538129,72.0,51.0,23.130415259861554,0.008592313377053795,0.6329146878353723,1.0,"['Confucius', 'Descartes', 'Plato', 'Nietzche', 'Aristotle', 'Locke']",1.0,0
61.36156523546266,62.0,43.0,47.354482182485405,3.066151845778344,-1.7001379140506585,1.0,"['Descartes', 'Aristotle', 'Socrates', 'Locke', 'Confucius', 'Plato', 'Kant', 'Nietzche']",1.0,0
22.72616301110844,68.0,48.0,68.14503822054888,1.0602951686629933,3.838094502369784,1.0,"['Plato', 'Aristotle', 'Descartes', 'Kant', 'Confucius', 'Socrates', 'Locke']",1.0,0
79.48320136044714,98.0,56.0,36.96886265960196,-0.12546087441595402,0.2217444350707669,1.0,"['Kant', 'Confucius', 'Plato', 'Descartes', 'Locke']",2.0,0
102.65978956312807,49.0,8.0,29.83708647223828,1.338367774629817,3.0570494088036657,1.0,"['Confucius', 'Descartes', 'Locke', 'Nietzche', 'Aristotle', 'Socrates', 'Kant', 'Plato']",3.0,0
41.788490732912926,52.0,31.0,52.19649462997893,-1.1345805069897632,1.0134711271372623,1.0,"['Aristotle', 'Socrates', 'Descartes', 'Plato', 'Locke', 'Nietzche', 'Confucius']",3.0,0
42.2994844623485,62.0,54.0,38.73427414647565,-0.15927405557858576,0.14855061466460395,0.0,"['Plato', 'Socrates', 'Descartes', 'Locke', 'Aristotle', 'Confucius', 'Nietzche', 'Kant']",0.0,0
38.15291174949214,94.0,82.0,71.95464899613535,2.1923602588261,1.3396889815509292,1.0,"['Socrates', 'Aristotle', 'Nietzche', 'Plato', 'Kant', 'Confucius', 'Descartes']",2.0,1
71.84317792452266,78.0,46.0,39.13845096738965,3.4555949824385106,-0.4189289788347772,1.0,"['Descartes', 'Nietzche', 'Confucius', 'Plato', 'Socrates']",1.0,0
39.11703258932124,52.0,34.0,41.4008781211728,0.4386632719698712,-1.049741786666981,1.0,"['Plato', 'Kant', 'Locke', 'Nietzche', 'Socrates', 'Confucius', 'Aristotle']",2.0,0
84.11572037593953,62.0,23.0,41.26550153367009,-0.8642298007695266,5.052170050125769,1.0,"['Socrates', 'Aristotle', 'Kant', 'Descartes', 'Plato', 'Nietzche']",4.0,0
44.46029193497473,68.0,46.0,28.048935972744147,0.25260462273707185,-0.946020249158041,1.0,"['Kant', 'Plato', 'Socrates', 'Nietzche', 'Confucius', 'Descartes', 'Aristotle', 'Locke']",1.0,0
6.661622493333315,97.0,64.0,64.59877922262005,-0.7698949117952003,2.4682917484428617,0.0,"['Kant', 'Socrates', 'Aristotle', 'Nietzche', 'Locke', 'Confucius']",0.0,0
22.09643899454294,55.0,66.0,78.32747204552595,0.5587176862987575,1.9765704877168935,1.0,"['Kant', 'Aristotle', 'Nietzche', 'Plato', 'Socrates', 'Locke', 'Confucius', 'Descartes']",4.0,1
16.639575399967693,45.0,51.0,70.70819913942616,2.8826774976014287,1.8537017330992596,0.0,"['Kant', 'Descartes', 'Socrates', 'Confucius', 'Locke', 'Aristotle', 'Plato']",0.0,1
55.16300256984913,29.0,48.0,39.37528720993153,1.5100655268807943,4.366824817157158,1.0,"['Descartes', 'Kant', 'Aristotle', 'Plato', 'Locke', 'Confucius', 'Nietzche', 'Socrates']",2.0,1
111.64860490135383,66.0,20.0,24.40286717735146,0.18079146687022546,1.017737294427284,1.0,"['Plato', 'Nietzche', 'Descartes', 'Locke', 'Socrates', 'Aristotle', 'Kant']",4.0,0
53.86271630921765,87.0,36.0,61.99849233446636,-1.355767852179073,2.597746571314442,1.0,"['Descartes', 'Socrates', 'Confucius', 'Plato', 'Nietzche', 'Kant']",4.0,1
61.120715405216544,127.0,74.0,59.58719236627757,-1.7317434792001762,4.101700423579036,1.0,"['Locke', 'Kant', 'Plato', 'Confucius', 'Socrates', 'Nietzche', 'Aristotle', 'Descartes']",1.0,1
71.80813220149139,60.0,47.0,52.85065580229362,1.2318463068333636,2.7404294090326724,1.0,"['Nietzche', 'Locke', 'Confucius', 'Kant', 'Aristotle', 'Socrates', 'Plato']",3.0,0
81.05141004828177,51.0,20.0,58.07759917957855,1.804742238702969,2.1791259212379512,1.0,"['Nietzche', 'Locke', 'Kant', 'Confucius', 'Plato', 'Aristotle', 'Descartes']",3.0,0
19.35360079543203,101.0,51.0,62.317381817296805,-0.022291080532738566,0.5923084085266117,1.0,"['Plato', 'Locke', 'Socrates', 'Aristotle', 'Nietzche', 'Descartes', 'Kant']",2.0,0
69.67585336259222,28.0,43.0,90.81752870860669,0.4885799156813708,2.8127249467905484,1.0,"['Locke', 'Kant', 'Plato', 'Socrates', 'Aristotle', 'Nietzche']",4.0,1
3.8681531474598785,51.0,30.0,75.32367875953214,1.3312979285420312,0.10213780968816244,1.0,"['Aristotle', 'Socrates', 'Confucius', 'Nietzche', 'Descartes']",3.0,1
34.61101554267416,36.0,33.0,33.74618507281964,-0.16621926691326694,-2.3268797442182083,1.0,"['Socrates', 'Aristotle', 'Kant', 'Descartes', 'Locke', 'Plato', 'Confucius']",2.0,0
48.617054390219224,46.0,12.0,50.30252497063357,0.8200034775514099,1.3906721348347526,1.0,"['Locke', 'Kant', 'Confucius', 'Socrates', 'Plato', 'Nietzche', 'Aristotle', 'Descartes']",3.0,0
73.70734322560745,33.0,31.0,48.30635956076753,1.3307468901923485,2.8472014328714423,1.0,"['Plato', 'Descartes', 'Kant', 'Confucius', 'Socrates', 'Locke', 'Aristotle', 'Nietzche']",3.0,0
10.196370915316503,60.0,48.0,70.03425385251012,-0.06910696343211598,1.2304187764459373,1.0,"['Nietzche', 'Plato', 'Locke', 'Socrates', 'Confucius', 'Descartes', 'Kant']",2.0,0
25.37936428480463,62.0,48.0,37.441432332245384,-0.025101194658005754,3.1833519454915917,0.0,"['Confucius', 'Aristotle', 'Kant', 'Nietzche', 'Plato', 'Locke']",0.0,1
36.320144711177534,103.0,87.0,93.72802993737363,1.0819613801567827,4.272457642789611,1.0,"['Kant', 'Plato', 'Locke', 'Descartes', 'Nietzche', 'Aristotle', 'Confucius', 'Socrates']",4.0,0
26.60610133073999,89.0,45.0,66.13664255363682,0.6871329773010635,1.0915638862608406,1.0,"['Confucius', 'Plato', 'Descartes', 'Nietzche', 'Locke', 'Socrates']",2.0,0
101.82560941385671,27.0,2.0,24.372898005592106,-0.43469934846120584,2.3285925877614693,1.0,"['Kant', 'Aristotle', 'Descartes', 'Socrates', 'Nietzche', 'Plato']",4.0,0
43.27804119357012,79.0,24.0,74.84704289209736,3.6561081030714373,-1.2523513925834646,1.0,"['Confucius', 'Descartes', 'Nietzche', 'Aristotle', 'Socrates', 'Kant', 'Locke', 'Plato']",4.0,0
5.7717612262166735,70.0,39.0,56.08584940503755,0.1734039089845809,0.8886695513754925,1.0,"['Descartes', 'Plato', 'Kant', 'Locke', 'Socrates', 'Confucius', 'Aristotle']",1.0,0
40.63625578670147,84.0,32.0,54.064964307508504,2.6994355316542844,0.8950064714877213,1.0,"['Plato', 'Descartes', 'Aristotle', 'Confucius', 'Nietzche', 'Locke']",1.0,0
118.352905138686,59.0,50.0,13.05032903266327,1.623656949051433,-2.0523911505914194,1.0,"['Socrates', 'Locke', 'Plato', 'Aristotle', 'Kant', 'Descartes', 'Nietzche']",3.0,0
28.57355179651968,58.0,47.0,56.637367372103014,0.21194591294052323,2.306632224617605,1.0,"['Aristotle', 'Descartes', 'Socrates', 'Plato', 'Locke', 'Nietzche', 'Kant']",4.0,1
28.022085585337813,78.0,48.0,65.59932803288233,3.225011023552492,2.655565810417617,1.0,"['Confucius', 'Locke', 'Aristotle', 'Descartes', 'Nietzche', 'Plato', 'Socrates']",3.0,1
7.441431512202219,34.0,35.0,67.73432989317993,1.769636749164246,2.3789081979549342,0.0,"['Descartes', 'Confucius', 'Locke', 'Socrates', 'Plato', 'Kant', 'Nietzche']",0.0,1
76.70739737693633,100.0,36.0,43.66097799609746,0.4318172180976587,2.8705909379057886,1.0,"['Descartes', 'Kant', 'Nietzche', 'Aristotle', 'Socrates']",2.0,0
46.079010644018645,88.0,54.0,70.8207080811056,-0.9087708982621008,1.8179101813101373,1.0,"['Kant', 'Descartes', 'Confucius', 'Socrates', 'Nietzche', 'Aristotle']",1.0,0
39.44118466140737,72.0,41.0,53.04493306679216,1.0303231507931327,-0.01308503396430738,1.0,"['Confucius', 'Socrates', 'Locke', 'Descartes', 'Plato', 'Kant']",2.0,0
60.02942905138095,13.0,44.0,30.426400813822696,0.007461626117121201,4.799154312851509,0.0,"['Plato', 'Socrates', 'Aristotle', 'Locke', 'Nietzche', 'Kant', 'Confucius']",0.0,1
58.08310280694688,84.0,35.0,32.58606159000483,0.5965557450286505,-0.8189759021668259,1.0,"['Nietzche', 'Socrates', 'Confucius', 'Descartes', 'Kant', 'Plato', 'Aristotle', 'Locke']",3.0,0
14.87028143327005,22.0,44.0,59.97996768565192,-0.4295361497448752,2.038310578403845,1.0,"['Aristotle', 'Nietzche', 'Confucius', 'Locke', 'Socrates', 'Plato', 'Descartes', 'Kant']",1.0,1
65.03224967927785,92.0,39.0,38.28397762686038,0.4099751235207305,-0.09438771960837111,1.0,"['Nietzche', 'Aristotle', 'Locke', 'Socrates', 'Kant', 'Descartes', 'Confucius']",1.0,0
48.286360441197985,107.0,44.0,62.675754177714865,1.572641299276216,2.6102783305888124,1.0,"['Aristotle', 'Confucius', 'Descartes', 'Plato', 'Socrates']",3.0,0
5.8040581774303135,95.0,28.0,78.76330114250484,0.23238092752994477,0.30076662719492253,1.0,"['Kant', 'Descartes', 'Nietzche', 'Socrates', 'Plato', 'Confucius', 'Aristotle', 'Locke']",3.0,0
36.77696912969227,56.0,50.0,32.71336485416198,1.8404380990299307,-0.772180836692119,1.0,"['Socrates', 'Confucius', 'Nietzche', 'Kant', 'Locke', 'Descartes', 'Aristotle']",1.0,0
37.02313033885314,106.0,43.0,65.42788033349743,1.8688467151203425,-0.7854976744876299,1.0,"['Plato', 'Confucius', 'Descartes', 'Nietzche', 'Socrates', 'Kant']",2.0,0
2.8239822816754945,34.0,27.0,74.84316838619782,-0.23795731905906004,0.6133030578651424,1.0,"['Confucius', 'Nietzche', 'Aristotle', 'Socrates', 'Descartes', 'Locke', 'Plato']",1.0,1
52.15270450830069,91.0,52.0,33.14028398114935,2.7793191564483113,0.9701300509941604,1.0,"['Aristotle', 'Socrates', 'Plato', 'Descartes', 'Nietzche', 'Kant', 'Locke', 'Confucius']",2.0,0
2.267141369107488,14.0,46.0,69.8741101961211,0.45956975015431484,2.740658665946575,0.0,"['Kant', 'Descartes', 'Plato', 'Socrates', 'Nietzche', 'Confucius']",0.0,1
50.756828592116854,94.0,39.0,55.11364387779009,-0.4116445644962059,-0.5772817215915607,1.0,"['Confucius', 'Aristotle', 'Socrates', 'Kant', 'Nietzche', 'Plato', 'Locke']",2.0,0
7.59958053671966,74.0,53.0,52.182269330989875,1.2207769377509705,-1.8669487362555373,1.0,"['Aristotle', 'Socrates', 'Plato', 'Kant', 'Descartes', 'Nietzche', 'Locke', 'Confucius']",1.0,0
27.40297866933283,90.0,54.0,54.813404657006544,-0.33662031828013106,-0.18466049820778707,1.0,"['Kant', 'Locke', 'Socrates', 'Aristotle', 'Nietzche', 'Confucius', 'Descartes', 'Plato']",2.0,0
27.163733320240524,61.0,20.0,55.17585044151598,1.731444747582701,2.604056564635675,1.0,"['Kant', 'Plato', 'Confucius', 'Locke', 'Descartes', 'Nietzche', 'Socrates']",3.0,1
82.25357890734551,78.0,34.0,39.823108460900585,0.1006132251395333,-0.9897040311285736,1.0,"['Plato', 'Aristotle', 'Locke', 'Confucius', 'Nietzche', 'Descartes', 'Kant', 'Socrates']",4.0,0
93.76230385561544,29.0,3.0,34.78661301693459,0.20317969769399513,0.9265574330749997,1.0,"['Plato', 'Nietzche', 'Locke', 'Kant', 'Descartes', 'Aristotle', 'Socrates']",4.0,0
104.6675221272192,80.0,34.0,46.19679852278773,1.92275351897887,1.0580720086039839,1.0,"['Plato', 'Aristotle', 'Kant', 'Descartes', 'Confucius', 'Nietzche', 'Socrates']",3.0,0
22.690915462585217,37.0,55.0,55.09345215887625,1.4595076184999152,3.285021500860227,1.0,"['Confucius', 'Nietzche', 'Locke', 'Plato', 'Descartes', 'Socrates']",1.0,1
33.57217476494766,86.0,22.0,79.55486226721916,1.9719780831054394,0.967610034397156,1.0,"['Descartes', 'Socrates', 'Aristotle', 'Confucius', 'Nietzche', 'Kant']",3.0,0
23.028592309242548,83.0,42.0,67.14190392709112,2.7432187377238524,0.9378127084322749,1.0,"['Socrates', 'Aristotle', 'Kant', 'Confucius', 'Nietzche', 'Locke', 'Descartes', 'Plato']",1.0,0
29.65782437589267,59.0,49.0,75.22963350913969,1.7930744040265714,1.2685915699569525,1.0,"['Confucius', 'Aristotle', 'Socrates', 'Plato', 'Kant', 'Locke']",1.0,1
23.657098418119705,27.0,32.0,77.1842993524057,1.5952118436937859,2.7065038494948475,1.0,"['Descartes', 'Plato', 'Socrates', 'Kant', 'Aristotle', 'Nietzche', 'Confucius']",1.0,1
6.512213914051257,44.0,49.0,69.64503526192613,1.202171227490687,1.183924633914185,1.0,"['Kant', 'Socrates', 'Aristotle', 'Descartes', 'Locke', 'Nietzche', 'Plato', 'Confucius']",1.0,1
37.166072940071786,24.0,11.0,56.06800211141049,1.4988547331508038,-0.5517376484026291,1.0,"['Confucius', 'Locke', 'Nietzche', 'Socrates', 'Kant', 'Descartes', 'Plato', 'Aristotle']",4.0,0
101.3530857018726,85.0,21.0,29.085973897547508,0.7729565117883952,0.9840477116702615,1.0,"['Confucius', 'Nietzche', 'Aristotle', 'Plato', 'Locke', 'Kant', 'Socrates', 'Descartes']",4.0,0
61.783566887373105,54.0,52.0,10.742635212147519,0.4955045972660395,-0.5632530575544081,1.0,"['Aristotle', 'Kant', 'Plato', 'Nietzche', 'Confucius', 'Descartes', 'Socrates', 'Locke']",2.0,0
51.008887148890985,56.0,19.0,49.712645153734044,2.336267808684731,-1.3011957394885647,1.0,"['Descartes', 'Confucius', 'Socrates', 'Kant', 'Plato', 'Nietzche', 'Locke']",3.0,0
42.568921943897195,65.0,48.0,47.874918837151455,1.7996391215671275,-0.9098154705104149,1.0,"['Aristotle', 'Socrates', 'Nietzche', 'Locke', 'Kant']",3.0,0
66.63246509026567,69.0,35.0,60.19377786657545,-0.8173973955791791,2.0278266560782248,1.0,"['Locke', 'Plato', 'Confucius', 'Descartes', 'Socrates', 'Nietzche']",3.0,0
91.93887222297204,46.0,43.0,24.186404987665817,0.013622739937179107,-1.0256866106522096,1.0,"['Locke', 'Aristotle', 'Confucius', 'Plato', 'Kant', 'Descartes', 'Nietzche', 'Socrates']",2.0,0
92.54011777686046,91.0,45.0,47.84806593719206,1.5210386873756525,-0.17446194501420798,0.0,"['Aristotle', 'Plato', 'Confucius', 'Descartes', 'Locke', 'Kant']",0.0,0
61.695691889316606,92.0,40.0,45.2228986148066,2.269693753928071,-0.5337755229545649,1.0,"['Locke', 'Kant', 'Plato', 'Nietzche', 'Confucius', 'Aristotle']",4.0,0
65.43604654671742,40.0,13.0,40.34917536208282,1.927406549915907,1.4820277928949233,1.0,"['Socrates', 'Kant', 'Confucius', 'Plato', 'Locke', 'Nietzche', 'Descartes']",3.0,0
24.286934466944437,66.0,49.0,81.14307643595882,2.5246152437734874,4.361023128298032,1.0,"['Locke', 'Nietzche', 'Aristotle', 'Kant', 'Confucius', 'Socrates']",4.0,1
6.734301836717158,55.0,28.0,84.73372086081156,1.4519655297916034,-0.07457617284566298,1.0,"['Kant', 'Locke', 'Descartes', 'Nietzche', 'Aristotle', 'Plato', 'Confucius', 'Socrates']",1.0,0
81.48888435635905,57.0,26.0,63.463488671854584,2.252798057248354,4.219488799610929,1.0,"['Socrates', 'Plato', 'Kant', 'Descartes', 'Locke', 'Confucius', 'Nietzche']",2.0,0
81.19960584886695,46.0,9.0,28.289578323977963,2.06572430138276,1.7444761772277175,1.0,"['Aristotle', 'Locke', 'Socrates', 'Descartes', 'Nietzche', 'Plato', 'Confucius']",4.0,0
33.39581267877528,58.0,35.0,68.21869512003227,0.20442822621761078,1.5508353423798722,1.0,"['Kant', 'Confucius', 'Descartes', 'Aristotle', 'Nietzche', 'Locke', 'Plato']",3.0,1
68.23322052087792,55.0,12.0,68.45118079059861,3.1415520982403713,2.268826843659962,0.0,"['Aristotle', 'Descartes', 'Socrates', 'Plato', 'Kant', 'Nietzche', 'Locke']",0.0,1
98.64374242556984,66.0,17.0,29.872144740083144,1.1476030876213177,2.8564641433484286,1.0,"['Descartes', 'Kant', 'Confucius', 'Socrates', 'Plato', 'Locke', 'Nietzche']",3.0,0
52.39605646659391,55.0,24.0,53.48340699949385,1.3530929012041146,-0.5436581571067941,1.0,"['Socrates', 'Aristotle', 'Locke', 'Plato', 'Kant']",3.0,0
21.407994524358095,55.0,32.0,67.90101658919126,-0.6791653141920955,-0.03221766277949256,1.0,"['Socrates', 'Locke', 'Descartes', 'Kant', 'Nietzche', 'Plato', 'Confucius']",1.0,0
45.5896354987329,72.0,45.0,47.13551579373834,2.1457157435626266,3.718684058309696,1.0,"['Plato', 'Confucius', 'Locke', 'Socrates', 'Aristotle', 'Kant', 'Nietzche', 'Descartes']",2.0,0
64.3393465917595,64.0,69.0,74.02224792883031,0.4218453125425149,0.2099675343581151,0.0,"['Aristotle', 'Descartes', 'Socrates', 'Kant', 'Nietzche']",0.0,1
31.43510326975102,79.0,51.0,54.10563082777579,1.9596283259815106,3.22701388912838,1.0,"['Confucius', 'Aristotle', 'Locke', 'Socrates', 'Descartes', 'Nietzche', 'Plato', 'Kant']",3.0,1
10.364082435188884,77.0,37.0,72.60361951336779,-0.27277125401151436,0.5673249019203715,1.0,"['Confucius', 'Socrates', 'Nietzche', 'Descartes', 'Plato', 'Aristotle', 'Kant', 'Locke']",1.0,0
106.7362848694289,55.0,36.0,40.39840299507434,-0.6207263183285898,3.275538360441078,1.0,"['Kant', 'Locke', 'Plato', 'Socrates', 'Aristotle', 'Descartes']",3.0,0
51.6147366558436,75.0,29.0,45.49346644672793,0.38818735152894734,0.35990797422847054,1.0,"['Socrates', 'Confucius', 'Aristotle', 'Locke', 'Nietzche', 'Kant']",3.0,0
43.43893006752814,96.0,39.0,50.14029222947318,-0.2784645736987458,0.44195443405105683,1.0,"['Aristotle', 'Locke', 'Descartes', 'Plato', 'Nietzche', 'Confucius', 'Kant']",3.0,0
26.225779091574893,0.0,33.0,41.84615803246743,-1.142444557305815,4.341407676061971,1.0,"['Nietzche', 'Confucius', 'Plato', 'Descartes', 'Socrates', 'Kant', 'Locke']",1.0,1
65.94416350615626,107.0,36.0,52.88906330866776,2.061780757835533,-0.2544777080221301,1.0,"['Locke', 'Nietzche', 'Kant', 'Plato', 'Aristotle', 'Descartes', 'Socrates']",1.0,0
36.78849470572851,71.0,49.0,83.85779146348281,1.846226203991013,1.1963408149499262,1.0,"['Kant', 'Nietzche', 'Descartes', 'Plato', 'Locke', 'Socrates', 'Aristotle']",2.0,1
22.33355289621678,45.0,38.0,56.55420691253839,0.6186599396029557,2.531486911390102,1.0,"['Descartes', 'Kant', 'Aristotle', 'Socrates', 'Plato', 'Confucius', 'Nietzche', 'Locke']",2.0,1
49.549316270525225,85.0,24.0,41.45001781270583,0.7110157967753803,-0.10976763390430255,1.0,"['Nietzche', 'Confucius', 'Kant', 'Socrates', 'Descartes', 'Locke', 'Plato', 'Aristotle']",3.0,0
75.75829890285985,83.0,40.0,57.42689102470066,2.802179049787494,2.821741640619803,1.0,"['Locke', 'Nietzche', 'Plato', 'Socrates', 'Descartes', 'Kant', 'Aristotle', 'Confucius']",3.0,0
58.92985598655878,88.0,25.0,54.62885524602243,-3.0616356879396975,0.43191538839816146,1.0,"['Socrates', 'Confucius', 'Aristotle', 'Plato', 'Kant', 'Descartes', 'Locke', 'Nietzche']",2.0,0
60.349217399418784,49.0,53.0,78.58495087734318,3.606763052402684,1.0628132487372437,1.0,"['Confucius', 'Nietzche', 'Descartes', 'Aristotle', 'Kant', 'Locke', 'Plato']",4.0,1
49.636755979605354,76.0,46.0,36.48913976394798,1.5372132952935098,-0.7824861759699238,1.0,"['Socrates', 'Kant', 'Aristotle', 'Nietzche', 'Confucius', 'Descartes', 'Locke']",2.0,0
69.05050620024898,60.0,40.0,55.00194844459426,1.836448930545556,3.7991784030169873,1.0,"['Descartes', 'Plato', 'Socrates', 'Aristotle', 'Locke', 'Confucius', 'Nietzche']",3.0,0
53.06609101259332,63.0,57.0,81.62283912099282,1.5515177493527825,2.031714561823296,1.0,"['Socrates', 'Kant', 'Plato', 'Nietzche']",4.0,1
44.72882974752557,35.0,35.0,86.33457481373887,0.6457324529757854,0.8207012695659255,1.0,"['Confucius', 'Plato', 'Nietzche', 'Kant', 'Aristotle', 'Descartes', 'Locke', 'Socrates']",2.0,1
75.69985264060887,47.0,15.0,40.25384393549255,0.6880343643444446,1.086299686299126,1.0,"['Confucius', 'Nietzche', 'Descartes', 'Aristotle', 'Locke', 'Socrates']",4.0,0
34.79508830838034,18.0,15.0,59.62085101392503,1.3564305987690681,0.3438770501088715,1.0,"['Descartes', 'Kant', 'Confucius', 'Aristotle', 'Plato', 'Nietzche', 'Socrates', 'Locke']",4.0,1
63.573621293963356,44.0,52.0,27.096892077244682,1.3946784237771663,-0.8699578636615111,1.0,"['Kant', 'Socrates', 'Nietzche', 'Plato', 'Locke', 'Descartes']",2.0,0
20.7550232732863,71.0,52.0,51.786126746240676,1.229128489695244,0.32024079055219246,1.0,"['Plato', 'Confucius', 'Socrates', 'Nietzche', 'Descartes', 'Aristotle']",1.0,0
9.834397838011828,74.0,51.0,81.96952915176783,1.4437858647664423,2.676542240648658,1.0,"['Nietzche', 'Descartes', 'Locke', 'Kant', 'Aristotle', 'Socrates', 'Confucius', 'Plato']",1.0,1
58.598279225115704,41.0,32.0,47.560705464654184,-0.2718932695140224,4.350331716213294,1.0,"['Nietzche', 'Plato', 'Locke', 'Aristotle', 'Socrates', 'Descartes', 'Kant', 'Confucius']",2.0,0
9.626913102586192,77.0,51.0,50.74705957185083,1.3864278083338535,-0.7007762344288262,1.0,"['Locke', 'Aristotle', 'Descartes', 'Plato', 'Nietzche', 'Kant', 'Confucius']",2.0,0
99.2228587610146,25.0,8.0,38.07894440838688,-0.20758928439544355,2.407520875569597,1.0,"['Descartes', 'Kant', 'Aristotle', 'Plato', 'Socrates', 'Locke']",2.0,0
103.21424838245078,38.0,9.0,27.010975568431178,-1.162852358057292,1.8725690511829813,1.0,"['Kant', 'Locke', 'Nietzche', 'Descartes', 'Confucius', 'Socrates', 'Plato']",3.0,0
108.09246379196573,68.0,26.0,23.65227276668829,2.6033823967220293,3.832037905576464,1.0,"['Descartes', 'Nietzche', 'Kant', 'Locke', 'Plato', 'Confucius', 'Aristotle']",4.0,0
37.623502611466876,85.0,50.0,98.15125856567116,1.053829714028502,1.9875903053952857,1.0,"['Kant', 'Plato', 'Confucius', 'Nietzche', 'Aristotle', 'Locke', 'Descartes']",1.0,1
51.93112667683138,69.0,22.0,69.99966713958368,-0.6658266523432609,1.9193791225272128,1.0,"['Socrates', 'Plato', 'Locke', 'Kant', 'Nietzche', 'Descartes', 'Aristotle']",4.0,0
44.48467543491524,59.0,40.0,93.58769072499555,1.0980785115816123,-0.33017018828675315,1.0,"['Descartes', 'Locke', 'Plato', 'Socrates', 'Nietzche', 'Kant', 'Confucius']",2.0,1
167.43283525810565,46.0,3.0,22.768161248624946,1.2331947688036693,1.1186492064310998,0.0,"['Descartes', 'Confucius', 'Aristotle', 'Socrates', 'Nietzche']",0.0,0
21.401716075591345,85.0,57.0,72.68811900787082,2.0930224317174186,1.4497116770406604,1.0,"['Nietzche', 'Plato', 'Kant', 'Socrates', 'Confucius', 'Aristotle', 'Descartes', 'Locke']",3.0,1
86.28165551631048,53.0,21.0,35.02745540956077,1.4260480840125307,1.512830494994446,1.0,"['Nietzche', 'Locke', 'Confucius', 'Descartes', 'Socrates', 'Kant', 'Aristotle']",3.0,0
13.657248523147803,99.0,42.0,53.01846738592206,0.9105556673676811,1.5329409847108884,0.0,"['Socrates', 'Plato', 'Confucius', 'Locke', 'Nietzche', 'Aristotle', 'Descartes']",0.0,0
87.72569126813443,85.0,42.0,53.338992711940236,0.12856529888929438,0.9074194434756013,1.0,"['Locke', 'Socrates', 'Nietzche', 'Confucius', 'Descartes', 'Plato', 'Aristotle']",3.0,0
54.907447711349135,98.0,42.0,62.217214008972846,1.8562894250545194,1.8777467731756958,1.0,"['Kant', 'Aristotle', 'Locke', 'Confucius', 'Plato', 'Socrates', 'Descartes']",3.0,0
29.392334330989698,71.0,44.0,52.1580581518428,0.19404918301195334,0.443409988305119,1.0,"['Plato', 'Aristotle', 'Confucius', 'Locke', 'Socrates', 'Descartes', 'Nietzche']",3.0,0
23.768169544590478,55.0,46.0,60.0615090237948,2.4203860269180106,-1.0638933187915514,0.0,"['Kant', 'Confucius', 'Descartes', 'Locke', 'Nietzche', 'Socrates']",0.0,0
50.842017030463495,67.0,47.0,63.13584657457196,2.263234851947244,2.637851270262047,1.0,"['Descartes', 'Confucius', 'Locke', 'Nietzche', 'Aristotle']",2.0,0
18.26203299865781,70.0,48.0,65.80710914097104,0.2981588449203133,-0.5921249394582231,1.0,"['Nietzche', 'Aristotle', 'Descartes', 'Socrates', 'Plato', 'Locke', 'Confucius', 'Kant']",3.0,1
54.21273557889539,60.0,40.0,55.818690628086856,0.3922485272577856,2.5424540826143174,1.0,"['Kant', 'Plato', 'Locke', 'Nietzche', 'Confucius', 'Aristotle']",2.0,0
48.908565268130495,74.0,24.0,44.53139606032903,1.6530026858146583,-0.6932691392544224,1.0,"['Kant', 'Confucius', 'Socrates', 'Nietzche', 'Descartes', 'Aristotle', 'Locke', 'Plato']",3.0,0
64.43110506968715,63.0,32.0,56.96334653074012,0.9923431367646097,3.042055519957571,1.0,"['Socrates', 'Nietzche', 'Plato', 'Descartes', 'Confucius', 'Kant', 'Locke']",1.0,0
57.504252902023666,64.0,24.0,36.19741976576402,-0.28634723566330594,1.1609721271832094,1.0,"['Confucius', 'Descartes', 'Aristotle', 'Plato', 'Nietzche', 'Locke', 'Kant', 'Socrates']",3.0,0
85.54130638050853,73.0,30.0,49.35690920202887,-0.9725192317680114,1.5223800759281685,1.0,"['Kant', 'Locke', 'Confucius', 'Plato', 'Socrates', 'Descartes', 'Nietzche', 'Aristotle']",3.0,0
34.4251823640314,51.0,28.0,56.6871186143253,1.0848121355180473,-1.5422418304696124,1.0,"['Kant', 'Aristotle', 'Nietzche', 'Plato', 'Confucius', 'Socrates']",3.0,0
12.295884311458408,43.0,30.0,78.68424952105667,2.440298669590053,-0.001337191466502352,1.0,"['Plato', 'Confucius', 'Socrates', 'Aristotle', 'Descartes', 'Kant', 'Locke', 'Nietzche']",2.0,1
7.025422612282608,88.0,44.0,81.83281643261611,0.7265722992534365,0.358276282941848,1.0,"['Socrates', 'Aristotle', 'Plato', 'Descartes', 'Nietzche', 'Locke', 'Kant', 'Confucius']",4.0,1
98.18272933865612,65.0,58.0,13.189598859470102,0.118675877299669,0.42445770709280284,0.0,"['Kant', 'Nietzche', 'Confucius', 'Locke', 'Socrates', 'Aristotle', 'Descartes', 'Plato']",0.0,0
27.26259928776279,7.0,39.0,67.06129127554306,0.7115686883129402,3.4805598263896593,0.0,"['Locke', 'Confucius', 'Aristotle', 'Descartes', 'Socrates', 'Plato', 'Nietzche']",0.0,1
104.34463427227043,70.0,19.0,35.61204218637691,2.4776733789316143,-0.6573628207863911,1.0,"['Plato', 'Aristotle', 'Locke', 'Confucius', 'Descartes', 'Socrates', 'Kant']",4.0,0
66.6990118510169,33.0,29.0,35.81893405671396,1.126015941001059,0.09359988717165013,1.0,"['Socrates', 'Locke', 'Nietzche', 'Kant', 'Plato', 'Descartes', 'Confucius', 'Aristotle']",2.0,0
41.15464722239328,70.0,23.0,51.55764141689683,1.3192480385616738,0.18611832959647256,1.0,"['Confucius', 'Socrates', 'Locke', 'Aristotle', 'Plato']",3.0,0
24.706690869309273,50.0,17.0,58.275485526109065,0.9261267426182999,0.5016774398166419,0.0,"['Plato', 'Socrates', 'Aristotle', 'Confucius', 'Kant', 'Locke']",0.0,1
26.27927193690075,41.0,47.0,69.36981130055248,1.3751454202797868,1.4480304090085605,1.0,"['Socrates', 'Nietzche', 'Confucius', 'Aristotle', 'Kant', 'Plato', 'Locke', 'Descartes']",4.0,1
63.9971226803042,32.0,29.0,41.91890846861787,0.765351348660159,3.7229507199036345,1.0,"['Confucius', 'Locke', 'Plato', 'Socrates', 'Kant', 'Aristotle', 'Nietzche']",2.0,0
12.129260131537105,75.0,37.0,47.38153623954712,1.2573101990598168,-0.9833290632824978,1.0,"['Nietzche', 'Locke', 'Aristotle', 'Confucius', 'Descartes', 'Plato', 'Kant', 'Socrates']",3.0,0
48.937670286832585,32.0,52.0,81.67703752630513,0.19639956727760777,0.9654264720534028,0.0,"['Kant', 'Aristotle', 'Socrates', 'Nietzche', 'Confucius']",0.0,1
52.80342689543957,78.0,52.0,59.85899515190223,-0.14835944834518444,2.732861034535299,1.0,"['Descartes', 'Aristotle', 'Socrates', 'Kant', 'Locke', 'Plato', 'Confucius']",1.0,0
32.986366866156374,57.0,25.0,54.16846978666949,2.818371219520829,-0.8193921948199432,1.0,"['Socrates', 'Confucius', 'Nietzche', 'Aristotle', 'Plato']",3.0,0
87.73942331509505,62.0,35.0,26.102720539898357,1.2110176554087975,1.3185151114584481,1.0,"['Plato', 'Nietzche', 'Aristotle', 'Socrates', 'Confucius', 'Kant', 'Locke']",3.0,0
35.71232102914693,77.0,57.0,48.04508720675686,2.0820269648586827,3.0877667463928122,1.0,"['Descartes', 'Aristotle', 'Kant', 'Nietzche', 'Locke', 'Socrates']",2.0,1
25.57068245740266,27.0,21.0,74.42427410959681,2.526123291304173,2.2056442415135313,1.0,"['Confucius', 'Socrates', 'Plato', 'Kant', 'Descartes', 'Locke']",3.0,1
11.544448088216257,59.0,26.0,73.2210202373029,1.5314044579197807,1.8015122858940575,1.0,"['Socrates', 'Locke', 'Kant', 'Aristotle', 'Confucius', 'Descartes', 'Nietzche']",2.0,1
20.849662915023544,109.0,42.0,49.538724388767235,1.7383989117519822,0.36118241923006744,1.0,"['Socrates', 'Aristotle', 'Nietzche', 'Descartes', 'Locke', 'Kant', 'Confucius']",1.0,0
76.04171831832302,19.0,29.0,28.469293670834247,2.2358286298830103,-2.147643409012918,1.0,"['Plato', 'Nietzche', 'Socrates', 'Confucius', 'Aristotle', 'Kant']",2.0,0
8.055052999160665,111.0,55.0,69.87582308868195,2.0638363110743954,-0.5202749753559137,1.0,"['Descartes', 'Kant', 'Aristotle', 'Nietzche', 'Plato', 'Confucius', 'Locke', 'Socrates']",1.0,0
19.627023023704943,83.0,55.0,69.36990937506383,0.6384985947279772,4.048791509906759,0.0,"['Kant', 'Socrates', 'Nietzche', 'Locke', 'Plato', 'Aristotle', 'Confucius', 'Descartes']",0.0,1
83.13790453311604,80.0,56.0,35.9344977646875,2.6590564335631104,-0.13635963908087256,1.0,"['Confucius', 'Socrates', 'Descartes', 'Nietzche', 'Plato', 'Aristotle', 'Kant']",3.0,0
34.531087494788,46.0,32.0,67.78381125682287,-0.24292441128637843,1.6023031141092152,1.0,"['Confucius', 'Kant', 'Plato', 'Locke', 'Aristotle', 'Socrates', 'Descartes', 'Nietzche']",3.0,1
56.28137253316023,23.0,41.0,88.54579641880076,2.405900179084063,-0.014661192707429604,0.0,"['Plato', 'Kant', 'Locke', 'Confucius', 'Aristotle', 'Descartes', 'Nietzche', 'Socrates']",0.0,1
16.975427809479726,5.0,3.0,56.339715027146084,-1.5637796267933433,1.2193891414961864,1.0,"['Socrates', 'Nietzche', 'Descartes', 'Plato', 'Kant', 'Confucius', 'Locke']",2.0,1
100.56453568238823,67.0,26.0,35.24805793826418,1.9406799776587014,1.9655794880246806,1.0,"['Kant', 'Aristotle', 'Descartes', 'Nietzche', 'Locke', 'Confucius', 'Plato']",3.0,0
9.033679099701127,94.0,60.0,54.94942782864666,0.708001793804037,1.6805030356989548,1.0,"['Confucius', 'Plato', 'Aristotle', 'Kant', 'Socrates', 'Nietzche', 'Descartes']",1.0,0
73.78484382518681,47.0,40.0,41.28723800894792,-1.001352631110084,-0.12579182481471185,1.0,"['Confucius', 'Aristotle', 'Plato', 'Locke', 'Descartes', 'Socrates', 'Kant', 'Nietzche']",2.0,0
2.963155731815803,82.0,44.0,55.362561850532714,0.055957404199461276,0.862746597652808,1.0,"['Nietzche', 'Descartes', 'Locke', 'Kant', 'Confucius', 'Aristotle', 'Plato']",1.0,0
9.977757748460533,60.0,63.0,54.487629606680606,0.8432033674986348,-0.08797267615494975,1.0,"['Locke', 'Plato', 'Socrates', 'Aristotle', 'Kant', 'Descartes', 'Nietzche', 'Confucius']",1.0,0
75.88869311469571,95.0,42.0,57.72756619368846,1.5767129925735215,2.2038118852862496,1.0,"['Locke', 'Plato', 'Descartes', 'Nietzche', 'Socrates', 'Kant', 'Aristotle', 'Confucius']",4.0,0
91.32397327662201,82.0,32.0,42.64584033156422,0.8325770019172457,-1.6885256222334912,1.0,"['Aristotle', 'Nietzche', 'Descartes', 'Confucius', 'Locke', 'Socrates', 'Kant']",4.0,0
77.24427679257971,72.0,15.0,48.391600047348305,1.5284603219377526,-0.1763203834686652,1.0,"['Plato', 'Confucius', 'Nietzche', 'Descartes', 'Aristotle', 'Locke', 'Kant', 'Socrates']",4.0,0
61.74882393418146,73.0,61.0,81.19996284282817,0.81583135304009,0.39319407104697435,0.0,"['Nietzche', 'Descartes', 'Kant', 'Plato', 'Confucius', 'Aristotle', 'Socrates']",0.0,1
32.84466895565207,93.0,51.0,52.53380505000517,2.35773596958448,0.11166501478902768,1.0,"['Descartes', 'Plato', 'Kant', 'Nietzche', 'Socrates', 'Confucius']",2.0,0
129.358681226304,49.0,18.0,33.146992395551884,1.108102264135058,3.034644240189339,0.0,"['Locke', 'Socrates', 'Plato', 'Kant', 'Nietzche', 'Aristotle', 'Descartes', 'Confucius']",0.0,0
78.87994774341381,69.0,35.0,39.510406501553305,0.4797751459088951,0.10631327070155572,1.0,"['Descartes', 'Plato', 'Kant', 'Nietzche', 'Aristotle', 'Socrates', 'Confucius']",3.0,0
91.66239565023889,25.0,5.0,36.351011667897566,1.0469621882876519,2.723930196925903,1.0,"['Plato', 'Socrates', 'Kant', 'Confucius', 'Aristotle', 'Locke', 'Nietzche']",2.0,0
23.644373691852078,22.0,43.0,57.14437800124877,1.698787386728858,2.713775407386829,0.0,"['Nietzche', 'Confucius', 'Descartes', 'Plato', 'Aristotle', 'Kant', 'Socrates', 'Locke']",0.0,1
93.65723661105561,72.0,45.0,35.89342510390472,0.8327870157434718,0.19000201130388228,1.0,"['Plato', 'Nietzche', 'Descartes', 'Locke']",3.0,0
6.612092104071767,83.0,51.0,68.8553078951146,-0.5660711839799097,2.016672957073284,1.0,"['Nietzche', 'Socrates', 'Locke', 'Aristotle', 'Kant', 'Confucius', 'Plato', 'Descartes']",2.0,1
4.0492572440689,70.0,47.0,71.50172137501184,3.5873455921815225,2.142484762354394,1.0,"['Confucius', 'Nietzche', 'Descartes', 'Socrates', 'Aristotle', 'Plato', 'Locke', 'Kant']",1.0,1
87.7779434296611,65.0,3.0,32.59084379218919,-0.4111041190727899,0.7633583246664031,1.0,"['Aristotle', 'Confucius', 'Plato', 'Kant', 'Nietzche']",4.0,0
94.18115827328414,54.0,27.0,42.503552796769554,0.22427612982302647,-0.3499002719362714,0.0,"['Confucius', 'Descartes', 'Kant', 'Locke', 'Socrates', 'Plato', 'Nietzche', 'Aristotle']",0.0,0
56.24475435599939,51.0,29.0,56.96950513268724,-0.6881916762941462,-0.6510116598441913,1.0,"['Socrates', 'Plato', 'Descartes', 'Aristotle', 'Confucius', 'Nietzche']",3.0,0
10.630718403142026,42.0,42.0,67.4572893405355,2.260416187975738,2.467754292827779,0.0,"['Plato', 'Socrates', 'Locke', 'Aristotle', 'Kant']",0.0,1
65.24654763250906,77.0,64.0,20.12417419029058,-0.12398048997298117,-0.019765401950707195,1.0,"['Locke', 'Confucius', 'Plato', 'Aristotle', 'Nietzche', 'Socrates', 'Kant']",1.0,0
